,post,comment_number,score,text
0,m94ryl,1,26,Respect ‚úä
1,m94ryl,2,16,"I hope all the brave people finally win over these scums from the military , best of wishes to all in Myanmar fighting for their rights and democracy , full support from another human and currently a resident of India"
2,m94ryl,10,3,May God bless all brave and peaceful Myanmar  people.
3,m94ryl,12,2,I bet you Palestinian mothers do the same. I wish them safety and an end to the oppression.
4,m94ryl,14,2,"I pray to God that they may return home safely without a scratch on their bodies. Do not give up, people of Myanmar, even though I know saying all this is equivalent of being useless, keep going people."
5,m94ryl,15,2,"This is why i fully support the 2nd amendment in the US. A well armed and regulated militia should always be on stand by for the people. It wouldn't be easy, it wouldnt be pretty, but it would give people a fighting chance at standing up against a corrupt government. God speed"
6,m94ryl,20,2,Who gave this wholesome award
7,m94ryl,22,1,Ahh this is great to watch as a Muslim
8,m94ryl,32,1,"Please, God bless you all!"
9,m94ryl,34,1,I bless them too
10,m94ryl,35,1,Brave people
11,m94ryl,36,1,"As a Burmese-born (but foreign raised) guy, my heart is total with you.  I hope you succeed in gaining the freedom you so deserve."
12,m94ryl,39,1,"These parents raised good sons and daughters. Big respect! 

Also, this also shows that it is really the youth who are the hope of every nation."
13,m94ryl,40,1,Fighting the good fight. üò¢
14,m94ryl,47,1,Respect ‚úä
15,m94ryl,48,1,üôèüôèüôèüôè
16,m94ryl,93,1,I feel like this is so valid. It feels exactly like how the pandemic made me wonder how we are still arguing private healthcare.
17,m94ryl,94,1,"Thanks, I am gonna go through all of this info. Appreciate that you put them all in one place."
18,m94ryl,128,2,"Ikr this is such a family bonding activity, they should bring the cat and the dog too. /S"
19,m94ryl,133,1,And I see your sub numbers growing.  So it seems people are following the cross-post and coming over.
20,m94ryl,145,1,"This is probably the best point I've seen raised this whole time. I'm probably more supportive of American interventionism than you, but this is still damn relevant. I don't see a problem being the world police \*IF\* we actually do it to support the spread of freedom, peace, self-determination of the public, enforcing human rights (one of which is voting which is relevant here). IF those are the reasons we do things, that's grand, but you're correct that there is no evidence in our past actions that support that as a cause of our intervention. It has usually been greed. I will end by saying to be careful when you criticize American interventionism, and consider that we are not the only nation capable of engaging in it. Look just how rough things have gotten with the Uyghurs/HKong and again with the Crimea when these States smell blood in the water. tl;dr anti-interventionists be careful what you wish for."
21,m94ryl,159,1,"As an egyptian, yes, yes i would"
22,m94ryl,164,1,[https://www.reddit.com/r/myanmar/comments/m9mf0r/background\_on\_the\_current\_coup\_in\_burma/](https://www.reddit.com/r/myanmar/comments/m9mf0r/background_on_the_current_coup_in_burma/) has more content and more organized
23,m94ryl,177,1,"One more time I have demonstrated that a sling is much more powerful (comparable to 9mm) has further range easier and cheaper to make and no doubt better than the marbles you guys are shooting. Dont be emotional because I called them Dennis the menace sling shots then not be able to objectively listen to what I am saying. Go back to previous posts and tell me exactly how a slingshot is better than a sling. Why did David slay goliath with a sling and not a slingshot? Why did ancient armies use slings and not slingshots. The only time armies used sling shot in past is a ballista and that was minimum 2 man crew served weapon. Can average people use a sling shot to hit 250+ m with marbles like your doing now? A sling can. Just in case you missed my post with information. I'll post it here again.

please use these https://thumbs.dreamstime.com/b/david-s-sling-14395020.jpg and stop using the dennis the menace sling shots they are useless compared to a sling. ditch the roman candles for truck tires that are stuffed with rags and diesel fuel and roll them down the street into their lines while raining down slugs from the sling. Even better melt some lead into oblong shapes with sharp ends. like the ones shown here https://youtu.be/2etapZX5k-Y?t=14 and when your out of that lead shot starting using stones. 100x more range and 100x more deadly then dennis the menace sling shots and marbles lol. Also arguably easier to make. The range alone compared to shitty marble is enough.

regular guy slinging 250 m https://www.youtube.com/watch?v=Hs19_2tiSZw

you can drill holes in the shot to make them whistle and reduce their morale .. much scarier than silent ones and more likely to make the line break formation https://www.youtube.com/watch?v=DXzuO1tU25I

is a sling as powerful as a gun? https://www.youtube.com/watch?v=BehBbNQRjXw"
24,m94ryl,182,1,I concur
25,m94ryl,208,1,Hell of a lot easier with actual weapons
26,m94ryl,219,1,"Yes, if someone from Canada wants to get their surgery quicker, and they are rich enough, they should be able to come here, where you can only get surgeries or medicines you need if you have plenty of money. The healthcare system is not bogged down by poor people here, and can attend to the rich instantly. Exactly as it should be. Totally agree."
27,m94ryl,224,1,"HA! Fair enough, my man."
28,m94ryl,252,3,Too much interest there for resources. Burma is golden land and so are its people. Truly beautiful
29,m94ryl,263,1,">The healthcare system is not bogged down by poor people here, and can attend to the rich instantly. Exactly as it should be.

Wait, what? Are you advocating for the rich to get better health care access?"
30,m94ryl,287,2,That's my guy!
31,m94ryl,310,1,American cool aid taste way better.
32,m94ryl,322,1,"Oh, thank goodness. 

Yeah some people think that the 10% having access to top notch medical care is somehow better than everyone having reasonable access"
33,m94ryl,340,1,Winning against a nations army is the easy part. We took out Iraq‚Äôs army in literally days during desert storm. We‚Äôre good at that. It‚Äôs insurgents that are problematic.
34,m94ryl,367,2,I'd play that Mario bros. tbh
35,m94ryl,386,0,Lmao
36,m94ryl,401,1," Dude, can I just say that your comments have been super cool to read. Military strategy is not something I'm well versed in, so this has been a joy."
37,m94ryl,405,1,"of course, glad you enjoyed reading them"
38,lwpl71,5,15,Ah.. it's so evident how much these guys get of on the power of holding a gun. I'm sure they feel invincible.. They feel like they own the city..
39,lwpl71,6,25,Oh my God
40,lwpl71,22,4,Perfect example of why we have the 2nd Amendment and it‚Äôs importance...
41,lwpl71,30,4,"I'm a Burmese and I do want the US to come here.

Also, I'm one of the few people in the world who thinks what the US did in Korea was the right thing. We should feel lucky that we have a powerful but democratic nation like the US as world police. If you don't like that, imagine having no world police, or worse, having China or Russia as world police. You DON'T want that. Trust me."
42,lwpl71,36,3,I wish there were more I could do to help support protestors in Myanmar. I wish there I could easily contribute to there effort.
43,lwpl71,57,2,Goodluck to the Myanmar people. Praying for you.
44,lwpl71,77,1,2nd amendment looks real good right about now
45,lwpl71,80,0,Yeah I totally support U.S military intervention at this point.
46,lwpl71,85,1,Religion is working as intended
47,lwpl71,128,1,Thank god they had hard hats
48,lwpl71,146,1,"If it could happen there, it could happen here!"
49,lwpl71,150,1,"""WE'RE THE GOOD GUYS! ITS WHY WE GET TO ATTACK UNARMED PRISINORS! GET IT!?!?!?!"
50,lwpl71,163,1,U.S it is your time to shine and restore democracy! Oh wait... no oil? Never mind then
51,lwpl71,180,1,"Oh yeah. The famous American state that sows peace, freedom, and happiness all around the world."
52,lwpl71,210,3,100 percent correct. Period.
53,lwpl71,248,1,jokes on you its turkish so its completely safe
54,lwpl71,280,1,It's situations like this that proves the second amendment should be protected.
55,lwpl71,285,4," Hey thank you so much for wanting to help out. Obviously, donating is the best way to help (please let me know if you are able to donate and want to know how you can do that), but no worries if you can't. Sharing the news is another big way of helping the people and letting more people know about the reality of what's happening. This is especially helpful because for us Myanmar citizens, saying bad things about the military is considered high treason (basically what I'm doing right now), so some people are reluctant to speak up. Additionally, I would recommend following the following accounts on Instagram to keep up with the news: @ spotlight\_myanmar, @ worldwideburmesestudents, @ listenupmyanmar, @ humansofmm, and @ instamyanmar. The same goes for @ mrattkthu on Twitter. I recommend these accounts because they don't underreport the events, as opposed to the western media."
56,lwpl71,329,2,They're EMTs. Their job is to help the people.
57,lwpl71,343,1,Ok
58,lwpl71,355,10,Thank you for your reply. I'll do this!
59,lwpl71,358,1,"Ty for helping,our people need as much help as possible."
60,lwpl71,384,1,"Tbh 50k upvoted sounds kind of top

Not the top top but it's more than some other shit gets"
61,lwpl71,409,3,Thank you sir!
62,lwpl71,413,3,This is actually great. Founders of US must have been so genius. It gives some sort of power to the people to fight back or defend if indeed were faced with an evil police or armed forces.
63,lwpl71,416,2,Seems to be working out great in the middle east
64,lwpl71,421,1,Alright
65,lwpl71,445,1,"Yes, it sent some medicine to Burma and has shown support for Aung San Suu Kyi"
66,lwpl71,480,1,"They had a lotta neat ideas, yeah! Some stuff didn‚Äôt age so well, but a lot of it has aged (comparatively) pretty good, at least as far as the basics go."
67,lwpl71,500,1,"As a Chinese, I‚Äôm quite impressive to finally see some foreigners understand our policy of not intervening internal matters instead of constantly condemning China not doing anything"
68,lwpl71,515,1,Thanks for the added info.
69,lwpl71,528,6,The place with the king America likes
70,lwpl71,535,1,"I didn't see New Zealand before, damn my dyslexia. I'd vote for New Zealand. They seem alright. Albeit a tad snobbish."
71,lwpl71,543,1,Nice self portrait haha
72,lwpl71,545,1,"True. If the original Allied powers join forces to stop this, then there is a good chance we‚Äôll be able to take back Myanmar from the communist government."
73,lwpl71,562,1,I‚Äôm more than willing to talk about this in person if you want.
74,lwpl71,565,2,Cool man. Sounds like a fun research project. Never once argued against American war crimes but glad you got that off of your chest
75,lwpl71,599,1,"Nah, just thought it would be nice to correct a naive child like you :)"
76,lvvvm8,0,107,Love it. Glad they held the line
77,lvvvm8,2,56,Respect to the citizens of Myanmar üí™üèª
78,lvvvm8,4,33,Hold the line! Hold the line!!! Good work guys!!!
79,lvvvm8,5,28,"Fuckers weren‚Äôt expecting that were they.  

Neither was I.  

I am so happy.  I now have hope.  

My wife is going to wake up in an hour to this beautiful video.  You‚Äôve made a Burmese girl‚Äôs day OP.  Bless you."
80,lvvvm8,10,7,Making own shields is smart. Impressive.
81,lvvvm8,11,7,You guys held the line! üí™üë∑‚Äç‚ôÇÔ∏è
82,lvvvm8,13,6,nice !We need Protection .
83,lvvvm8,15,5,Good work lads. Hold the line and BEAT them back
84,lvvvm8,16,5,Good job
85,lvvvm8,17,4,This is great
86,lvvvm8,19,3,Love the homemade shields.  Very resourceful.
87,lvvvm8,22,2,Wow..
88,lvvvm8,23,2,"Damn, full on Roman shield wall with those barrels, well done."
89,lvvvm8,26,2,Respect for the people fighting for their rights and freedom!!!
90,lvvvm8,27,2,One of the most satisfying videos during this crisis.
91,lvvvm8,28,2,"So thankful to see that. Please keep continue to fight, and don't give up!"
92,lvvvm8,30,2,Get em! Love to see it
93,lvvvm8,32,2,That was a quick retreat!
94,lvvvm8,35,2,Love it.
95,lvvvm8,43,2,This is the way üôå
96,lvvvm8,56,1,They held that like like I hold GME üöÄüöÄüöÄüöÄ‚úä‚úä‚úäüíéüíéüíé
97,lvvvm8,63,1,I wanna see more of this
98,lvvvm8,72,1,Stay strong!
99,lvvvm8,83,1,Retreat!! LMAO..
100,lvvvm8,90,1,"That was awesome, we support you Myanmar!"
101,lvvvm8,93,1,God speed friends
102,lvvvm8,99,1,Hell yeah get that ass!
103,lvvvm8,100,1,Hell yea. Those cops were like oh shit!!!
104,lvvvm8,105,1,Ape stronk togetter
105,lvvvm8,113,8,How is your avatar so ridiculously cool
106,lvvvm8,116,1,Love isn't always on time!
107,lvvvm8,119,2,Yeah! I thought so too.  Out of 55g plastic  barrels
108,lvvvm8,143,75,"Sometimes you have to block with your sword, other times you must attack with your shield. A warriors way is never an easy one.

Edit: Wow I‚Äôve never gotten a Reddit medal before thank you legends."
109,lvvvm8,144,1,The best defence is a good offence.
110,lvvvm8,154,1,I think that's an optimistic amount... Probably higher.
111,lvvvm8,159,1,Its free
112,lvvvm8,161,2,Thank you.
113,lvvvm8,184,1,They were inspired by Captain america
114,lvvvm8,185,1,Here ya go award #11.
115,lvvvm8,197,1,Its free
116,lvvvm8,202,1,Escalate escalate escalate!  What a fun game. Where does it stop?
117,lvvvm8,213,1,80% of the population supports it
118,lvvvm8,216,6,I literally made it up on my lunch break at work today
119,lvvvm8,218,1,Thanks. Found it on r/im14andthisisdeep
120,lvvvm8,224,1,Exactly twin brother! ü•Ç
121,lvvvm8,230,1,Agreed
122,lvvvm8,248,1,"I‚Äôm sure he has the funds to do both, godspeed"
123,lvvvm8,252,1,"Of course, that changes everything. Thank you for your input."
124,lvvvm8,261,1,"No I have not but I soon shall. Thank you for this, Looks interesting!"
125,lvvvm8,277,1,Touch√©!  Well played.
126,lvvvm8,325,1,"It is a kindness to prevent further self-harm, even when ""justified"". Limits, man."
127,mf3yqa,24,46,"basically they foster a dialogue, but when it comes to action it's incredibly difficult because of the security council. But that dialogue is important, it inspires leadership all around the world."
128,mf3yqa,37,3,Preach
129,mf3yqa,40,-1,"That‚Äôs funny. UNTAC was formed in 1992, nearly 20 years after the humanity crisis was already over."
130,mf3yqa,44,2,I was referencing an old 4chan meme :)
131,lwof70,6,5,I don't care anymore. This isn't something we can just let happen. We have a moral obligation to help. That is what America is supposed to be. This would be an excellent chance to show that side of US again.
132,lwof70,10,3,Rest in peace Hero
133,lwof70,20,8,May God bless her
134,lwof70,21,2,May God bless her
135,lwof70,24,1,May God bless her
136,lwof70,25,3,May God bless her
137,lwof70,28,2,We want help from US and UN. They are our hope.
138,lwof70,29,1,We want help from US and UN. They are our hope.
139,lwof70,33,7,"It said ""Everything will be okay"""
140,lwof70,34,1,May God bless her
141,lwof70,43,5,May God bless her
142,lwof70,82,1,"Do i say ""good bot"" here?"
143,lwof70,101,1,"Thank you for your advise. We are now changing our plan. Luckily, we have other races who possess army. We will try our best."
144,mhtndc,0,13,Hope he‚Äôs ok
145,mhtndc,2,9,GOD BLESS HIM! AND GOD BLESS MAYANMAR!!
146,mhtndc,3,7,"""My ancestors are smiling at me Imperial. Can you say the same?"""
147,mhtndc,5,4,this man possesses so much god tier energy
148,mhtndc,9,3,"More power  to you, brothers ans sisters. But,  next time, remember  not to support  Army atrocities  on your minority  people, especially  the Rohingyas ."
149,mhtndc,10,3,He bleeds for his country. Gd bless this man
150,mhtndc,12,2,beast!
151,mhtndc,14,1,Looks like a man who's dream has cum true (wink)
152,mhtndc,15,2,Hopefully the maximum a human can take üòâamirite?
153,mhtndc,17,6,Thanks for sharing
154,mhtndc,26,3,Thanks!
155,mhtndc,27,3,https://www.reddit.com/r/Iamactuallyverybadass/comments/mhwvvz/how_brave_he_can_smile_after_getting_shot_by/
156,m85p3l,0,1,"A good curation: https://www.isupportmyanmar.com/

Some highlights:


Donate to IDPs: https://www.chuffed.org/project/support-myanmar-idps-seeking-refuge-from-military-junta (503(c) tax deductible)

For CDM Strike support: http://mutualaidmyanmar.org/ (503(c) deductible)

For Rohingya Refugees through UNCHR: https://give.unhcr.ca/page/52681/donate/ (tax deductible)

Karen-minority specific: Trauma Counseling & Psychosocial support https://burma-projects.org/about/ (503(c) non-profit)

Karen Women's organization: https://twitter.com/karenwomenorg/status/1377191529014460417

Doctors without borders: https://www.doctorswithoutborders.org/what-we-do/countries/myanmar

Donate directly to CRPH Myanmar Civilian Government: https://donate.crphmyanmar.org/ (503(c) tax deductible)"
157,m85p3l,11,6,Donated what little I could - I hope all the best for you #SaveMyanmar
158,m85p3l,14,3,"Thanks for putting this together - sometimes it can feel helpless as a foreigner abroad trying to help democracy and human rights in Myanmar. I spent 2.5 years living there and started this fundraiser which will help a community based ambulance in Myanmar. 7 days are left of fundraising, any support is appreciated. 

https://startsomegood.com/projects/myanmar-ambulance/"
159,m85p3l,15,5,"This seems a worthy cause.

[https://startsomegood.com/myanmar-ambulance](https://startsomegood.com/myanmar-ambulance)

They are asking for a small amount in order to do a lot of good. (Field hospital)

Edit: oh lol"
160,m85p3l,17,6,"Thanks for the links for donations, I am glad I have found an active way to support brothers and sisters in Myanmar üá≤üá≤

It does not help much but I am close to you all and hope things can go back to normal as soon as possible and no more innocents life‚Äôs are wasted."
161,m85p3l,20,5,"From Argentina. We support Karen, Ta'ang, Bamar, Kachin, Rohingya, Mon, Arakan, Shan, Chi and all the incredible people of this beautiful country. Im asking how to collaborate. Greetings!"
162,m85p3l,36,2,"The people of Myanmar are incredibly strong and brave, fighting against the military‚Äôs heavy brutality and barbarism. All of those suffering are in my deepest prayers and thoughts"
163,m85p3l,48,2,What about the EU? We are there for you!
164,m85p3l,55,7,Thank you very much!
165,m85p3l,56,15,It's alright. You visiting this sub and reading this post is in itself helping us and I appreciate it.
166,m85p3l,59,3,Thank you very much!!
167,m85p3l,60,3,I quite like this idea.
168,m85p3l,62,1,Great idea! Where should I send my video?
169,m85p3l,64,5,"The same situation is here. I heard about the coup and protests about a month ago, but it was only a week ago that I found out what was really happening in Myanmar.

We very much hope that awareness will influence governments.

Thank you for your efforts!"
170,m85p3l,70,4,"Thank you! 

Usually people from myanmar do not read this topic because it is for people from other countries, but I am sure they really appreciate it."
171,m85p3l,77,3,"Yes, please do. I'd also appreciate it if you either mention this sub or my username but it's your call. You can leave it out if you want."
172,m85p3l,89,1,"Thank you, I am not familiar with exact campaigns in that provide tax benefits but these are legit ones that you can donate as well.

Also feel write to your appropriate EU representatives to sanction two military conglomerates ([US](https://home.treasury.gov/news/press-releases/jy0078) and [UK](https://www.gov.uk/government/news/uk-sanctions-major-military-business-interests-in-further-measures-against-myanmar-military-regime#:~:text=The%20UK%20is%20announcing%20this,campaigns%20of%20repression%20against%20civilians.) have done so)"
173,m85p3l,93,8,"Hopefully that works to a certain extent. But I think you guys, citizens of Myanmar would be the key to resolve it. Good luck stay safe!!!"
174,m85p3l,100,5,Don't mention it. It's my pleasure.
175,m85p3l,101,5,thanks!
176,m85p3l,104,3,The more I think about it the more I think it would be nice too. Do you think that maybe if this gets some more upvotes it would be worth making a separate post about it? or maybe just trying to organise something?
177,m85p3l,105,1,I like the idea too. If people can take a pic or video with 3 fingers hunger game salute saying that ‚Äúwe are with you‚Äù will help us boosting people morale tremendously. Someone will pickup and edit into video later with a music.
178,m85p3l,119,1,Thank you! I wanted to make sure for the reason stated in my first comment.
179,m85p3l,122,10,Thanks both of you for the link.  Glad I learned this today.
180,m85p3l,129,5,Thank you!
181,m85p3l,144,2,"Ah, thank you. I know I‚Äôm late sorry. I was just asking, because I came through another sub reddit, I don‚Äôt really look at this one, but thank you for the warning!"
182,m85p3l,151,1,"It is Ok. Today I also did not find the courage to look at some of the photos, and therefore I asked to explain to me what was there. The people are very friendly here.

Could you tell me how you found this topic? I am doing research trying to figure out how best to help spread the word.

We really hope that awareness will help save lives."
183,m85p3l,162,1,Thanks! You helped.
184,la59ah,3,4,"I just saw news reports from Al Jazeera and DW (German international news). If you have any local English news, I would like to follow along, please DM, reply with links. Best of luck guys!"
185,la59ah,12,2,This is a chance for the people of Myanmar to show their strength and rise up against the evil Tatmadaw. It's time to make one final push to reach true democracy.
186,la59ah,15,2,Ok
187,la59ah,27,1,Sim2fly roaming is still working fine. Speed is slow. 20$ for 8 GB roaming data 10 day validity. If you are using for chat is fair. I think
188,la59ah,30,10,This is so much help brother üôè
189,la59ah,31,25,I second that
190,la59ah,38,1,"True, duh!"
191,la59ah,39,1,Amen to that
192,la59ah,40,1,We must unite and stay alert.
193,la59ah,60,4,Agree
194,la59ah,65,1,"Thanks man, hope the situation gets better! You have support from people all around the world."
195,la59ah,92,2,"Thanks for ur replies and quick recap of history. Ive seen #freemyanmarnotes, that letter is a beacon of hope at these times. Hope people are being organized bc people power will prevail."
196,la59ah,94,2,üí™üí™üí™
197,lwoozs,7,1,Too powerful mind...üò≠.
198,lwoozs,10,11,Generation Z youngsters are determined to fight and willing to sacrifice their bodies.
199,lwoozs,24,1,"Very true, I'm quite easy going to be honest. I try not to get involved in politics and try my best not to judge people, I just want what's best for people, just so long as they don't do me wrong then I'm happy. I do worry about the way the country is going sometimes but I always try to put things into perspective and try to have faith in our system, it can be hard at times but I can only control what my reaction is towards it."
200,ly3lcl,4,12,"Rest in peace, heroes"
201,ly3lcl,8,5,May they rest in peace
202,ly3lcl,9,6,Let's hope what you were fighting for is achieved. R.I.P.
203,ly3lcl,12,5,"Rest in peace, may the loss not be in vain."
204,ly3lcl,19,3,Than you for standing up for what you believe in
205,ly3lcl,21,3,Goddamn.  So many young people.  May they rest in peace.
206,ly3lcl,24,3,We will stand with Myanmar till the end.
207,ly3lcl,41,1,So young
208,ly3lcl,43,1,so many young faces
209,ly3lcl,56,4,Thanks. We will fight till the end.
210,ly3lcl,73,2,I'll stand with you all the way.
211,ly3lcl,75,14,"Mostly donations. https://www.mutualaidmyanmar.org/ This organization is helping out our cause. Additionally, there are other organizations like [Burma Campaign UK](https://action.burmacampaign.org.uk/donate) who has been with us for a long time.

I personally am Burmese but most of my donations goes to local news agencies and journalists. I've supported [Myanmar Now](https://www.myanmar-now.org/en/donate) and [Irrawaddy News](https://www.irrawaddy.com/donation) in the past.

If you find an organization finding us, make sure that you do thorough research on it first. Check their Facebook page first and foremost since that's what we use mainly."
212,ly3lcl,80,2,"Just donated, I hope it helps. I stand with you."
213,m4rneg,0,71,"This is damn true 
Explaination on point"
214,m4rneg,1,45,This is one the best videos i have seen on the internet
215,m4rneg,3,22,Very good movie.
216,m4rneg,4,19,Thanks for accurate presentation.
217,m4rneg,6,14,Deserves more exposure
218,m4rneg,7,14,What a great summary wow! I'm impressed.. more people need to see this
219,m4rneg,10,12,This was basically my understanding. Well said. All my best and the best wishes for the People of Myanmar.
220,m4rneg,11,6,Absolutely genius. Hope you're a teacher or something for people to benefit from this sharp insight.
221,lap93j,2,21,"Indian here, thanks for an actual explanation. A lot many do not understand the situation (like me, I admit) but keep giving judgements. I really wish you guys stay safe. I have joined this sub to stay updated."
222,lap93j,3,32,Such a good explanation. This guy needs to be under every post about recent Burmese news.
223,lap93j,5,8,Spot on. This is the truth.
224,lap93j,8,6,"Thank you, I am from the uk living in Yangon and this explains a lot"
225,lap93j,12,4,Yes.
226,lap93j,13,4,"I‚Äôm also from Myanmar and I can confirm this.
Thanks for great explanation."
227,lap93j,16,4,I assure you guys this is accurate.
228,lap93j,19,3,Brilliant!
229,lap93j,20,3,I saw some people commenting on facebook things like save my country so i rushed to find explanation here and thank you for providing. I really hope your country will see better and happier days soon.
230,lap93j,29,1,"Thanks for the post - and I did search out Ko Ni. Fascinating, yet brutally tragic story."
231,lap93j,30,1,The world needs to see this
232,lap93j,39,1,Make top post or best post in REDDIT r/Myanmar
233,lap93j,44,16,Feel free to share and repost brother
234,lap93j,72,2,You have know idea how much I will repost this
235,lap93j,83,10,"This kind of stories and narrative need to come out more. The tales of ASSK trying to bridge Myanmar people including Rohingya. 

Take it from me, it took decades to gel everyone. In my country (Malaysia), we are still working on getting the racial harmony works with among us despite we gained independence from British in 1957. It take education and respect to get there and I applaud ASSK's efforts in getting there. God knows she is in difficult position to get it done but she tried.

Thanks for the kind and enlightening answer."
236,lap93j,86,4,"Thanks. I need to understand this. Thanks for giving me honest answer. Yes, I heard about the plan but I guess Rohingya people are just afraid of military reaction if they returned. 

It will take decades to mend the wound but with Myanmar people kindness, I believe it is possible."
237,lap93j,93,1,Well this is the good kind of oversimplifying
238,lap93j,100,17,"I've got great Muslim friends in Myanmar. Hell, I have had great Muslim tutors and teachers when I lived in Myanmar during my childhood. heck, the right-hand man of Aung San Suu Kyi who was a Muslim and was assassinated in broad daylight at the airport. And we all know who the culprit is. How come we never hear that news over here abroad??? He never got justice thanks to the military pulling strings. Sometimes it's best to not believe everything in the media. The political situation over there is complex and it would take ages for me to explain."
239,lap93j,120,1,"Excellent and much needed 'outburst' - I myself was also looking for answers. 

Generalization is a disease and  media try to do that furtively with some agenda.

Let's all stay human..."
240,lap93j,124,-4,Then use reason. That response was 1000 times better than the previous. I‚Äôm not after moral high ground I‚Äôm just pointing out what people are most likely to think. Getting the world on the side of the people of Myanmar is not about moral high ground (some of it can be though.) It‚Äôs mostly about facts.
241,lap93j,125,0,"That is a claim. That‚Äôs a good first step. However a claim with a source and or some other form of evidence is still more compelling. For the record I suspect the UN source is fragile at best, however the only argument against it that I have read have been unsubstantiated, or just emotional responses."
242,lap93j,127,2,"Hey dude I'm sorry I was so rude about Americans in my other comments. I was mostly saying that stuff to make a point to that guy. I actually think you guys are cool, for the most part."
243,lap93j,137,2,"Thx for the provided data.
I will take a good look at it."
244,mj2mcn,4,11,Trueü§£ü§£
245,mj2mcn,9,7,"omg, I swear to god that‚Äôs true"
246,mj2mcn,13,6,Sure right!Thanks for supporting!
247,mj2mcn,26,3,Lol
248,mj2mcn,35,8,"""Xi Jinping's Thought on Socialism with Chinese Characteristics for a New Era"", his own philosophy, was unanimously voted into the chinese constitution back in 2017. It's said he's on par with the level of power that Mao had."
249,mj2mcn,57,7,"What China wants is a stable Myanmar, which provides a reliable environment for investments while prevent shelling of borders and refugee crisis. That‚Äôs why China had a pretty good relationship with the NLD government (which is much more pragmatic than reactionary warlords). If you believe some natural gas field motivates China to set up a puppet regime, I have a bridge to sell you."
250,mj2mcn,69,4,"You perfect Completely mention behalf of MYANMAR ppl and Discover the true facts. Thanks your ' Kindness' with my heart, salute to you !"
251,mj2mcn,78,1,HAHAHAHAHAHAHAHAHA
252,lz10do,0,54,"Gather the legions, it‚Äôs time to take back your freedom. Watching from USA. Please stay safe."
253,lz10do,4,24,"Honest advice...tighten the shield wall, especially in the middle.  What made the Roman shield walls so effective was how tight they were.  Plus, overlap will help some areas be better protected against small arms fire.  Also, if you want I would suggest practicing moving as one whole unit.  That will give you protection whilst being mobile.  A chant or some form of rhythmic grunting/noise can help keep everyone in sync.  Moving a shield wall like that as one whole group will require that as a metronome of sorts. 

I'd love to hear from anyone with better experience on how you can outfit their shields against bullets and not weigh them down."
254,lz10do,5,14,SHIELD WALL!!!
255,lz10do,8,7,Testudo!! My fellow brothers üí™
256,lz10do,18,3,God bless! Take the power back! Power to the people!
257,lz10do,21,2,Try making these bulletproof.  There are several ways this can be done.  There are everyday materials that can work as bulletproof.  This includes pure wool felt and silk.
258,lz10do,29,1,"Let this be a reminder of why and armed populous is vital for any country's freedom. Godspeed, protesters. üôèüè¥"
259,lz10do,34,1,‚ù§be strong Myanmar‚úäyou're an inspiration to us in the USA! Be waterüåä‚ô•Ô∏è
260,lz10do,39,1,$NOK üöÄ
261,lz10do,40,1,Badass
262,lz10do,44,1,"While you are not wrong, the fact they are this organized and cohesive is a good look."
263,lz10do,47,14,good for rubber bullets. maybe good for 9mm fmj at about 100 yards or something. glhf with anything 5.56 and above.
264,lz10do,48,23,Indeed
265,lz10do,49,11,Nice username
266,lz10do,50,16,Thank you for the advice. We're still at the beginner stages of this tactic.
267,lz10do,52,5,[YES!!](https://youtu.be/6Iya9RID6mQ?t=54) I've been thinking that since I first saw shields being used regularly. It can be very effective when the right technique is used - definitely against rubber bullets and gas grenades.
268,lz10do,53,6,Rome is an IDEAüí™üèª
269,lz10do,74,9,Thanks man. Cheers. Stay safe.
270,lz10do,75,11,"[https://en.wikipedia.org/wiki/Testudo\_formation](https://en.wikipedia.org/wiki/Testudo_formation)

[https://en.wikipedia.org/wiki/Roman\_infantry\_tactics](https://en.wikipedia.org/wiki/Roman_infantry_tactics)

Both will give you some good ideas on how to better fine tune what you are doing."
271,lz10do,84,14,"We need more people like you in this world. Solidarity, comrade."
272,lz10do,86,1,I was raised Christian and still believe the Bible is just a good fiction
273,lz10do,88,6,Thank u so much
274,lz10do,104,11,It's the very least I can do.  I'm thinking about you guys every day and your fight to restore democracy.  Know that the world stands with you.
275,lz10do,142,1,I mean maybe. But I'm still doing better then the average American. Look I'm even winning more internet points ü§£
276,lwdpr1,35,12,Yes indeed
277,lwdpr1,48,1,Thank you
278,lwdpr1,78,1,Thank you. U summarise it well.
279,lwdpr1,86,2,"True bro.
Love and prayers from my side."
280,mfnr2h,12,5,I wish you luck!
281,mfnr2h,20,2,"A lot of people ask me how they can help Myanmar.Thank you for all your attention. If you really want to help us,you can donate our elected Government (CRPH) or you can spread this donation news. 
You can donate and support CRPH from the following link https://charity.gofundme.com/o/en/campaign/crph

You may wonder why we need this fundraising. The reasons are expressed below. And in case you might have trust issues, all your donations will go straight to CRPH.  You can donate starting from as little as 10$ to support CRPH (Legitimate government of Myanmar) to resist the ongoing Military Coup. The fundings will be used in formation of Federal Army , supporting CDM and other urgent necessities to be carried out for country‚Äôs reconstruction.  
 Kindly circulate this towards your friends and friends of friends in order to help us get the fundings as well as the awareness about the current situation in Myanmar."
282,mfnr2h,30,1,Attack guys! Come together and get organised! There's more of you than there are them!
283,mfnr2h,71,2,Thanks!
284,mfnr2h,90,0,Lol
285,mfnr2h,131,-5,This is why citizens need weapons. America will not have this issue because the people are armed for now. The new leader of America is trying to take weapons away. Stay safe my friend keep fighting
286,mfnr2h,135,5,Thank u so much for the think. I've been actively sharing updates on Twitter lately. I will do as much as I can.
287,mfnr2h,152,2,Thank you!
288,mfnr2h,154,2,thank you.
289,mfnr2h,158,2,"We have to stay strong and fight this till the end!!If we give up,our next generation'll be suffer more.Anyway Thank you for your support"
290,mfnr2h,160,14,Thank you for your advise.I'll try this
291,mfnr2h,163,3,"It was in Kalay, Hantah ward when the RPGs were equipped . Thanks for the moti."
292,mfnr2h,165,1,Elite Reddit paramilitary üòé
293,mfnr2h,177,1,Thank you! Your help is greatly appreciated. We will never forget friends.
294,mfnr2h,182,4,"Except Canada, which asked nicely."
295,mfnr2h,187,9,Holy shit a tankie.
296,mfnr2h,194,2,Thank for sharing this news. We really need international help.You're so kind.
297,mfnr2h,209,8,Your words mean a lot to me.Thank you‚ù§
298,mfnr2h,212,1,Possibly.
299,mfnr2h,223,5,So let's use that power to rescue kids! Cause conservatives love kids so much right?
300,mfnr2h,228,1,I'm not the one in a detention center. I got lucky with my place of birth.
301,mfnr2h,238,2,"The United States of America, I'm not gonna tell Canada, Mexico, or the South American countries how to live.

 I've been told we were the bestest most free country my whole life. It's time to live up to that."
302,mfnr2h,239,0,So we're basically the refuge for every destitute person within walking distance? Lucky us.
303,mfnr2h,241,-1,That was the best thing to ever happen to the indigenous people. They didn't even have the wheel or horses.
304,mfnr2h,242,2,Wow.
305,n5wirs,6,5,accurate!
306,n5wirs,7,5,Accurate AF
307,n5wirs,9,4,"hahahh 

borat  a good moive 

and borat a good person"
308,n5wirs,10,10,I am Nepali and most of people in my country has positive responses when they talk of China... So you can exclude Nepal from that list...
309,n5wirs,11,3,This is absolutely brilliant
310,n5wirs,14,4,"Best. Meme. Ever.

Yours OP or one you spotted somewhere? Either way, its brilliant.

The fight goes on here and everyone is struggling - but we all need some humour each day  


**\*RESPECT\***

BTW - I LIKES! IS NICE!"
311,n5wirs,28,0,Nepalese are awesome people.
312,n5wirs,41,9,ASEAN as a whole is now PRC‚Äôs largest trading partner too.
313,n5wirs,56,3,"We still have cooperation, better than nothing"
314,n5wirs,72,2,"Thank you, No_cuts, for voting on sneakpeekbot.

This bot wants to find the best and worst bots on Reddit. [You can view results here](https://botrank.pastimes.eu/).

***

^(Even if I don't reply to your comment, I'm still listening for votes. Check the webpage to see if your vote registered!)"
315,n5wirs,87,-1,Lol
316,n5wirs,137,1,"Lol, the automod got it. But thanks. Hope you'll focus on your comprehension and debating skills."
317,12idltl,1,30,The world is still supporting Ukarine‚Ä¶please support Myanmar Spring Revolution also
318,12idltl,44,2,At least it was quick for them..
319,12idltl,49,-14,In the name of the father the son and the holy spirit we pray lord that you watch over those who have to go threw such a thing as this and we pray lord that you bring peace too this cold world in your name I pray amen üôè
320,12idltl,62,37,It was a celebration of the opening of a new administrative building. The bomb landed right in the middle of the eating area where over a hundred people where eating.
321,12idltl,128,7,Just like Jesus
322,12idltl,130,1,üíØ % this.
323,12idltl,153,1,lol okay
324,12idltl,167,3,I see. Thanks for the answer.
325,m8ikxa,0,90,I see these guys have really good shields. Well done!
326,m8ikxa,1,44,"Stay strong. I hope you stay safe. We are working on things here so you can get help. I can not guarantee this will happen, but we will try and try and try. You are not alone!"
327,m8ikxa,5,11,Hit those animals hard and stay safe. Best of luck to the real humans of Myanmar ‚ù§Ô∏è
328,m8ikxa,6,8,God.... this just gave me chills.   Give me freedom of give me death there are no other options. üí™üá≤üá≤
329,m8ikxa,7,6,"That's actually pretty good, imagine the bastards in uniforms when they find out couple of them got hit by arrows"
330,m8ikxa,9,5,‚úä
331,m8ikxa,12,3,"Power to the People.

Commenting so this post gains traction."
332,m8ikxa,14,3,"Do you hear the people sing?
Singing a song of angry men?
It is the music of a people
Who will not be slaves again!
When the beating of your heart
Echoes the beating of the drums
There is a life about to start
When tomorrow comes!"
333,m8ikxa,18,1,"Yes one man with a bow and a few arrows solo the entire Myanmar's military, badass and just hope you are good at using it"
334,m8ikxa,20,6,Yes the shields are very well done
335,m8ikxa,26,1,"That pipe shotgun link is a good start

If you know anyone with a half decent machine shop you can start producing luty sub machine guns which are very useful if you have access to 9mm or .380 ammo."
336,m8ikxa,35,8,"Yes, I know, which is why I am so happy they have it.
I am not happy that they do not have good weapons. But if they have it, perhaps they should not publish such photos that the enemy did not know what to expect.

In any case, we need to do everything possible so that they receive help as soon as possible.

[Here are some tips on how to help.](
https://old.reddit.com/r/myanmar/comments/m85p3l/how_you_can_help_people_of_myanmar_in_their_fight/)"
337,m8ikxa,48,20,"InterviewSea28 is a very active member of this sub and is doing a lot for the community by spreading the word on this crisis. Hats off to you.

He/she genuinely wants to know which region of Myanmar this is."
338,m8ikxa,51,2,Good bot
339,m8ikxa,55,13,Thanks for this!
340,m8ikxa,58,1,"Thank you, ChickenNinja1, for voting on NoGoogleAMPBot.

This bot wants to find the best and worst bots on Reddit. [You can view results here](https://botrank.pastimes.eu/).

***

^(Even if I don't reply to your comment, I'm still listening for votes. Check the webpage to see if your vote registered!)"
341,mgbyxr,0,66,I wish you'd come back safe.
342,mgbyxr,2,15,The drawing is very sweet.
343,mgbyxr,6,8,Brave people! Braver generation! My pussyass outsider of Myanmar can only donate and tweet. Be safe everyone!
344,mgbyxr,7,8,"Hello all international friends, thank you for your interest in current situation in Myanmar. We are very thankful for all the support from international community. Here, I would like to humbly ask for your donation to CRPH(the elected officials of 2020 election). If you want to contribute to our fight for freedom, please kindly donate via link below. Any amount would be appreciated. https://donate.crphmyanmar.org"
345,mgbyxr,9,6,I hope you safe and come back to your family.
346,mgbyxr,11,3,We should be join training from KNU/KIO that will be useful.
347,mgbyxr,16,11,The artist is so talented.I'm sorry I forgot to credit the Original Artist.
348,mgbyxr,17,9,"The people of Myanmar appreciate your efforts to support our fight. That‚Äôs very noble of you to try to get us political support. As for charity, our elected government officials have formed a Committee representing the elected government, which you can find on crphmyanmar.org. They‚Äôve opened a gofundme to fund the effort to restore democracy but the account is currently disabled due to too much people in Myanmar donating with shared credit cards."
349,mgbyxr,20,6,There are also news spreading out that Thailand authorities sent back Karen villagers who fled from military junta's air strikes.At least the Mizoram state is helping the refugees. Please stand in support of them.
350,mgbyxr,22,8,"Every support counts, so please don‚Äôt feel bad about it. Donations and tweets are part of the fight too!"
351,mgbyxr,24,3,Thanks for you warm regards nwüíõ
352,mgbyxr,26,3,And hopefully the federal army.
353,mgbyxr,34,4,Kudos for having any form of protective headwear though. Even a construction helmet would protect against concussions.
354,mgbyxr,36,3,The Tatmadaw are a big reason why India was able to dismantle major insurgencies in NE India. Lots of rebel groups lived across the border. They've also had a better relationship with them than with Suu Kyi. The Tatmadaw are not CCP's lapdogs and India wants to keep it that way. Numerous Indian projects have been put on hold near Southern Myanmar because of the coup and I can't imagine it being any different for China.
355,mgbyxr,43,47,"I‚Äôm in the US and am trying to make as much noise as possible... it‚Äôs daunting and infuriating how small one voice can feel. 

Post on everything you can. Facebook is a start. Make sure you use the hashtags that go straight to the posts that hit **hard**. #MilkTeaAlliance #JusticeForMyanmar are good ones. They lead to posts coming straight out of Myanmar. Use anything to get peoples attention. This picture would be a good one. It‚Äôs heartbreaking and moving and shows so much bravery. 

Try to contact Burmese communities wherever you are and help organize marches. The more noise we make the more the world will take notice. Remember, you can be the change; anyone can, they just need to show the same bravery the people of Myanmar have."
356,mgbyxr,44,8,"You can help us by donating to our elected government, The Committee Representing Pyidaungsu Hluttaw. They're trying to bring back democracy by means of diplomacy on international front, and trying to bring together ethnic armed forces to form an all-inclusive federal army. I will drop a link you can donate to. Please help us, if you will."
357,mgbyxr,45,8,Thanks for your kind words.I appreciate itüíõ
358,mgbyxr,55,3,"Thank you so much for your time, and consideration about our people. We‚Äôre working on education the people about spamming too."
359,mgbyxr,59,19,"Thank you for speaking out for Myanmar. We're trying to spread awareness and get the word of the regime's atrocities out on every platform. There are people trying to organize marches as well. We will never stop making noise, so please help us in the fight onwards. ‚ù§"
360,mgbyxr,66,1,"Well, to be fair, Trump was in office back then. Anyways, we're not expecting anything much but we're gonna keep doing everything we can."
361,mgbyxr,73,8,Thanks in advance.That means a lot to usüíõTyranny must fall‚úäüá≤üá≤
362,mgbyxr,74,3,Thanks for the info.
363,mgbyxr,79,2,Please do it. This is the first link in the pinned post on this subreddit. They probably get the most donations.
364,mgbyxr,86,2,Thank you for the clarification.
365,mgbyxr,87,2,My pleasureüíõ
366,mewtij,2,18,‚ù§Ô∏è
367,mewtij,3,17,Never lose hope
368,mewtij,4,13,"My sincerest love and respect to each and every one of you. The people of the world are behind you, even if our cowardly governments are not."
369,mewtij,9,4,"You are all amazing and you got balls of steel.

My country (Italy) has finally condemned the atrocities by the army. Something is changing here, I can feel it, people are talking about Myanmar way more than before. Keep holding on!"
370,mewtij,10,3,"Love and support to the people of Myanmar. Stay strong!

- From India"
371,mewtij,12,3,So many brave people!!! Salute to EACH one of you!
372,mewtij,14,2,"Thank you all for your support and kind words, we really appreciate it. We will win this revolution and get back our democracy! In the meantime, please help spread awareness about what's happening in Myanmar to your friends and family back. That would be really great.

If you want to contribute more to the Myanmar People who are fighting for democracy, please help us by donating to CRPH (Legitimate government of Myanmar) to resist the ongoing Terrorized Military Coup. Fundings will be used in Federal Army formation, CDM ( Civil Disobedience Movement ) funds, and other necessities for the country‚Äôs reconstruction. Any amount big or small is welcomed to support CRPH. Since Myanmar People are currently in crisis with International Transactions, the help of International communities plays a huge role right now. You can donate and support CRPH from the following link https://charity.gofundme.com/o/en/campaign/crph.

Kindly circulate this towards your friends and friends of friends in order to help us get the fundings as well as the awareness about the current situation in Myanmar. Thank you so much."
373,mewtij,19,9,"We all got your backs here! 

Ohio rep!"
374,mewtij,28,2,I couldn‚Äôt help but laugh I‚Äôm so sorry but good bot
375,mewtij,30,1,"**much obliged!** 

 *-IamYodaBot*"
376,lwvci5,14,1,"I see... thank you, Im gonna look up what you said
I hope the best for the people in Myanmar.."
377,m9t3ls,12,-8,Xi Jinping is a good friend with ASSK not with military
378,m9t3ls,19,2,Thank you for your support & kindness..
379,m9t3ls,31,6,Hope this will be juntas words soon
380,m9t3ls,34,6,and the lead level of the so called seafood is quite high :)))
381,m7uruh,0,32,"y‚Äôall are brave and badass af, huge respect to the people of Myanmarüî•Love from Hong Kong"
382,m7uruh,3,15,"<3

All my love to you guys. All braver than I've ever had to be in my entire life."
383,m7uruh,4,13,Power to the people. A song by John Lennon. üòäüòäüòäüòäüòäüòäüêºüêºüêºüêºüêºüêº
384,m7uruh,5,10,power to the people
385,m7uruh,7,4,Heroes
386,m7uruh,9,5,"These protesters are a beacon of light. There‚Äôs hope for a better tomorrow.

Stay strong and much love to you all, Canada stands with you ‚ô•Ô∏è"
387,m7uruh,10,6,Fighting .We are Myanmar.
388,m7uruh,12,3,Much love
389,m7uruh,13,3,"My full support goes to those who fight for their freedom and democracy, I know one day you will eventually succeed. May you find more courage! love from the Philippines üáµüá≠"
390,m7uruh,16,2,This is great. I‚Äôm with you all
391,m7uruh,17,2,Viva la revolucion!! Power to the people
392,m7uruh,18,2,"I wish you a lot of strength in your fight, dear people of Myanmar! Stay strong, stay brave and you shall win! Sending regards from Slovakia, Europe. World is with you!"
393,m7uruh,20,2,"Peace to all
Love from Michigan USA"
394,m7uruh,21,2,Love from the US ‚ù§Ô∏è
395,m7uruh,22,2,I am one with u in spirit and principle. - Filipino from the Philippines!
396,m7uruh,23,2,Support from S.Korea üá∞üá∑All of you will be remembered as Heroes in your history
397,m7uruh,28,1,Solidarity from Scotland
398,m7uruh,29,13,Good luck to the journey ahead Hong Kongers ! Sending love and support
399,m7uruh,30,6,üíöüíöüíöüí™üôè
400,m7uruh,31,15,"Western India is with Mizoram, much love to people of Myanmar."
401,m7uruh,33,2,Happy cake day!
402,m7uruh,34,6,It's going to be fucking worth it
403,m7uruh,35,1,üíöüíöüíö
404,m7uruh,37,1,üíöüíöüíö
405,m7uruh,42,1,Thank you!
406,mdkjel,2,14,"Love it, may I please share to friends?"
407,mdkjel,5,5,God bless Burmese . üôè
408,mdkjel,14,1,"buddy,

try as far as possible use VPN

best wishs"
409,mdkjel,15,20,"Yes,u can"
410,mdkjel,17,8,Sure!
411,mdkjel,20,14,Thank you
412,mdkjel,21,8,üôè
413,mdkjel,22,9,Thanks
414,mdkjel,23,3,"roger that. edited. 

thanks, bro."
415,mdkjel,24,3,üôè‚ù§Ô∏èü§úü§õ
416,mp5br6,9,9,"Hey, it's Pooh and Piglet!!!"
417,mp5br6,10,11,china‚Äôs number 1 favorite good boi
418,mgm92r,0,24,"His social media.

[https://www.facebook.com/Salai-Mazawn-403616846407342/](https://www.facebook.com/Salai-Mazawn-403616846407342/)

[https://www.instagram.com/salai\_mazawn/](https://www.instagram.com/salai_mazawn/)

[https://twitter.com/SMazawn](https://twitter.com/SMazawn)

If anyone has information about his injuries or is able to help us understand this picture better, it would be very helpful. Thank you!

&#x200B;

Live in power brother."
419,mgm92r,1,23,I sincerely hope his injury gets better and he‚Äôs safe throughout all this.
420,mgm92r,2,3,Yes his courage is so strong
421,mgm92r,3,2,He is a hero.
422,mgm92r,4,2,Legend.
423,mgm92r,5,2,This moved me beyond words
424,mgm92r,6,2,inspiring
425,mgm92r,7,10,"Thank you! I also want to know and Big respect for him and his bravery. These press and journalists deserve more than just appreciation. Without them, we couldn't have been able to share news about what's happening in Myanmar with the whole world!"
426,mlfmgp,3,17,May you rest in peace little angel
427,mlfmgp,11,3,cool
428,mebbyz,4,2,Fight on!
429,mebbyz,7,6,I think they deserve to be better treated through respect.
430,m5mim9,0,40,rest in power our brave heroes
431,m5mim9,3,14,I never know how brave burmese are! More brave than any other nationals. You wont be forgotten lads.
432,m5mim9,5,3,"Thank you, brave comrades for all you have done. It's time for you to rest even though we wish you were here with us."
433,m5mim9,7,2,May the late martyrs rest in peace.
434,m5mim9,9,2,Heroes wont die in our heart ‚ù§Ô∏è
435,m5mim9,11,2,"Stay strong peoples in Myanmar.  Only victory over military coup will be able to remember them for good.  Otherwise, their sacrifices will be vanished and forgotten.  Please remember that many Korean support your victories from their hearts and so do I."
436,m5mim9,13,1,"Best wish for Myanmar. Hope your people will find the best solution to your matter. Learn the lesson from Iraq, Siria, Afghanistan when you want foreign countries (you know which country) to intervent. Those recent event is the result of the seeds sowed from Bristish's day until now, and can only be solved by your own power. 

Once again, hope that Myanmar people will find peace and live the happy lives they deserve. It's sad to see one of our friend country being like this.."
437,m5mim9,14,1,Rest in power.
438,m5mim9,15,19,They will not be forgotten in our heart.
439,m5mim9,20,16,"The kids were bright, brave and died with dignity."
440,m5mim9,22,4,"The people of Myanmar are incredibly sincere, smart and courageous. You hear 'Live free or die' bandied about all the time, but they are feeling that exact sentiment. People around the world support CDM."
441,m5mim9,42,1,Those kids are all bright and lovely and I hope that their families would walk out of the grief and be strong. My deepest sympathy!
442,mhu4hy,1,18,I can‚Äôt fathom the amount of courage he has!
443,mhu4hy,2,18,"Handsome man and a freedom fighter.
Get better soon"
444,mhu4hy,4,16,He is a hero.
445,mhu4hy,6,13,Solidarity
446,mhu4hy,8,13,What a lad!
447,mhu4hy,10,9,Wow he was smiling
448,mhu4hy,11,7,This mfer is a true hero. I wish I could help y'all out over there
449,mhu4hy,17,2,I'm sure he will!
450,mhu4hy,21,16,Unbreakable soul!
451,mhu4hy,23,2,He's got a spirit of iron!
452,mhu4hy,24,3,Will do. I‚Äôm also open to tell everyone about all the baddass deeds of our heroes.
453,mhu4hy,25,2,Didn‚Äôt even flinch. Mans' a tough one.
454,mhu4hy,26,4,You can help us out by donating the CRPH and displaced minorities. ^^
455,mhu4hy,34,3,"In fact, all the protesters are heroes. There they praise not only him but all of you.

https://www.reddit.com/r/Iamactuallyverybadass/comments/mhwvvz/how_brave_he_can_smile_after_getting_shot_by/"
456,mhu4hy,40,3,All the brave souls going out to fight deserve this kind of praise. üí™
457,mhu4hy,41,3,"Thank you, mutual aid Myanmar was up."
458,mhu4hy,42,2,"Thank you, appreciate it!"
459,mifupx,3,5, Magic Realism
460,mifupx,5,3,Totally agree ..let's vote for a government that can send drones to assist
461,mifupx,14,1,"Ok ..thanks,I will look at that."
462,mpvmbu,1,15,"Great art, I wish we could do more for Myanmar..."
463,mpvmbu,2,12,Shit this is good. Do you know the artist?
464,mpvmbu,3,12,"Hope you guys can finally get freedom and democracy.
From a Hongkonger"
465,mpvmbu,7,4,"Crocs ..just perfect for a rumble in the jungle üèûüèû‚õ∞‚öî
Got 2 pairs myself .Keep the faith ., Burmese warriors‚ô°"
466,mpvmbu,8,8,"Myanmar, Hong Kong, Venezuela and everywhere!! Fight for democracy!!"
467,mpvmbu,12,3,Thx u
468,mpvmbu,14,7,CONQUER!
469,lwv8qi,5,2,"I'm keeping you an yours in my thoughts. Please stay safe and alive, friend."
470,lwv8qi,10,0,Fair enough.
471,lwv8qi,24,1,Indeed they are!
472,lwv8qi,25,1,"Thank you for your kind words, friend."
473,lwv8qi,27,1,The freedom fighter has united
474,lwv8qi,45,4,You and me both. Please stay safe!!
475,lwv8qi,74,5,"Thanks, you too."
476,lwv8qi,77,9,People of Myanmar stands in solidarity with people of Thailand. We pray for your success as well.
477,lwv8qi,107,2,Now we can rest
478,lwv8qi,117,1,Cool story bro.
479,lwv8qi,135,2,My hope as well stay strong the world is with you
480,lwv8qi,143,2,Preach
481,lwv8qi,162,1,Thanks man! You too.
482,lwv8qi,181,1,Lol
483,lwv8qi,183,1,"Safe and sound here in Australia, thanks for caring snowflake :)"
484,lwv8qi,190,1,Like a well oiled machine
485,lwv8qi,196,1,I am quite happy with my opinion of Donald trump and the gop.
486,lwv8qi,218,2,"Well, we found a MORE competent person that trump, so at least its a step in the right direction."
487,lwv8qi,222,0,You make a very strong case for requiring IQ tests before people are allowed to vote.
488,lwv8qi,224,2,"Looking at your other comments, it looks like you're right. We do agree. I'm a little slow lmao. 

I hope that there will be a day where we have a political system that allows for a more diverse political environment. People will need to abandon party loyalty and focus less on rhetoric and more on policy."
489,lwv8qi,255,1,"Haha, looks like you choose to play games instead.  Got it.
Figured as much.  

Enjoy your day bud, get at me if you want to have a discussion about the topic. ;-)"
490,lwv8qi,278,2,Lol it‚Äôs definitely made my shit earlier quite enjoyable
491,m6ctnz,3,10,Bless y‚Äôalls perseverance..
492,m6ctnz,5,8,REST IN POWER üíô
493,m6ctnz,6,4,"Stay Strong. 
There will be a long walk to restore Freedom, Democracy, and peace. 
Hopefully, India and other major nations, organizations in their capacity and to keep in mind Myanmar's sovereignty will take some measures  to restore democracy. 
 üåºüåº"
494,m6ctnz,11,3,Rest in power comrade
495,m6ctnz,13,2,Rest in Power!
496,m6ctnz,14,2,"His spirit will watch from the skies above.
Good aways wins over evil in time."
497,m6ctnz,15,2,Rest in peace
498,m6ctnz,16,2,Rest in power. Bro
499,m6ctnz,17,2,Rest In Peace
500,m6ctnz,21,16,May God bless him
501,m6ctnz,30,3,Thank you for your support Fri. May God bless allüôè
502,m6ctnz,31,3,May God bless him. Thank you for your support Fri.
503,m6ctnz,36,3,Thank you for your wish Fri. May God bless to all.
504,m6ctnz,45,3,Well said.
505,m6ctnz,47,3,"His nationality is Myanmar but his ethnic is Chinese. There are many Chinese people who arrived to Myanmar at WW2. Now, they are our nationality. We love each other like brothers and sisters."
506,m6ctnz,48,3,Yes ..indeed I support freedom and choice of leadership.
507,m6ctnz,49,1,You doing good man?
508,m6ctnz,51,33,"Yeah, every races in Myanmar are brothers and sisters. We need to unite. Stay strong bro."
509,majyqv,0,89,"Rest in peace, my petal."
510,majyqv,1,33,13 years old he was so young may he rest in peace
511,majyqv,44,14,"‚ÄúThen change that‚Äù

Holy fucking shit bro u are so fucking smart. You solved the Myanmar coup, we are taking this solution. Myanmar will be back soon."
512,majyqv,55,1,Great for you
513,mb98rk,13,16,"Despite the pain, the doggo is still smiling. I hope it gets a home."
514,mb98rk,17,3,This is some epic material for some epic protest art.
515,mb98rk,18,3,"Call him ""Lucky""   get better Lucky."
516,mb98rk,29,1,Ohh my baby üê∂. I wish you will recover soon.
517,mb98rk,35,5,Lmao!
518,lycsdn,6,4,"As an American, I‚Äôm in solidarity with the citizens of Myanmar. What can I do to help with the whole situation? Anywhere I can donate?"
519,lycsdn,23,8,wholesome awards
520,lycsdn,27,5,"Even sharing the news is great help. The world must know the atrocities committed by the military in broad daylight. If you would like to donate, check out isupportmyanmar.com for open donations. Thank you so much!"
521,lycsdn,36,1,"Yes, we must do exactly."
522,lycsdn,40,1,"Yes but that's what he needs to focus on rn, helping the american people"
523,lycsdn,48,2,Would be great if UN actually does some real work this time.
524,mm3nvf,1,13,We deserve freedom üíì
525,mm3nvf,4,12,SO FUCKING PROUD OF YOU GUYS!!! YESSSS!!! ‚ô•Ô∏è‚ô•Ô∏è‚ô•Ô∏è
526,mm3nvf,30,3,Thank you for clarifying
527,mm3nvf,35,2,TIL what a longyi was. Thank you!
528,mm3nvf,87,1,"Good luck on your new accounts, mate. You're going to need plenty."
529,mquau6,8,3,Good interpretation.
530,mquau6,13,2,"It is a necessary compromise, but it does a lot for global cooperation"
531,mquau6,45,2,"Actually, the Socialist Government propped up by the Soviets was doing some very impressive things, such as granting women equal rights, curbing terrorism, and building energy independence. It obviously wasmt perfect but it would've been intresting to see where that wouldve gone if the USA hadn't of intervened."
532,lwq2r7,2,7,"Yes, will do."
533,lwq2r7,6,3,Mission accepted
534,lwq2r7,7,3,I will do this also. Love from Ireland
535,lwq2r7,10,8,Already upvoted :) It's vital that everyone in this subreddit and /r/SaveMyanmar upvotes new posts from everyone concerning Myanmar on large subreddits.
536,m0zn1w,0,33,Stay safe
537,m0zn1w,1,13,Keep going!
538,m0zn1w,2,12,"Be water!

Good luck people."
539,m0zn1w,3,10,"Keep moving on guys!!!! Stay tuned, be alert and safe. We are gonna be on our ways to succeed our Democratic Revolution. Sad to say that we have taken a rest in some other places today  because of having made dogs get away from our wards at yesterday night. Hoping no one has got injured and shot today. Having sadly heard about Mizzima Media ,which have been detained today."
540,m0zn1w,4,8,Stay strong but stay safe!
541,m0zn1w,5,7,"It's so many of you and it's amazing to see how unite are you, to watch the formation of massive groups. The military cowards and animals are nothing compared to you. You yourself form the biggest army that Myanmar has, remember that!!! In the group, there is power and noone can stop you. Whole Europe, USA and many other countries are on your side..... its your fight. They can never win. Run over them, smash them, take their guns, disarm them, jail them, make them pay, fight back when it will be the time, with their guns you will be 10x stronger. Organize, stay in the group, help each other, sing, scream, unite, save the Myanmar and bring freedom home, bring freedom to peaceful people that are waiting for it all their life, be their heroes, bring junta to justice and show them who's the boss !!"
542,m0zn1w,6,6,Stay safe!
543,m0zn1w,7,4,"I wish y‚Äôall the energy of 1000 armies, stay safe, fight hard, we support you in your battle for freedom!"
544,m0zn1w,8,8,Don't let China take your freedom and your country! Stay strong!
545,m0zn1w,9,3,ya deh !!!!!!!!
546,m0zn1w,10,3,Be water my friend. Stay strong and stay safe.
547,m0zn1w,11,3,"good luck, heart goes out to you guys, I have friends there"
548,m0zn1w,12,2,Take care and stay safe so you can keep fighting
549,m0zn1w,13,2,"Bravo. while busy fighting for ur rights, do take care of safety."
550,m0zn1w,14,2,"Together United, to never be divided!"
551,m0zn1w,19,1,"People the world over are tired of tyranny. Stay safe and good luck, friends! Solidarity from the US. üá∫üá∏üá≤üá≤‚úä"
552,mipotb,8,6,"The best way to help us is to stand up to injustice anywhere as much as you can. Together we can make this planet likable, livable and lovable again."
553,mjvsu6,3,3,Heroes
554,mjvsu6,8,4,Cool!
555,mjvsu6,18,1,Justice democracy and freedom
556,mjvsu6,19,9,"Well worded, exactly what I was thinking."
557,mjvsu6,27,1,Appreciate your comment üòä
558,mjvsu6,42,2,Hey that‚Äôs a good start.
559,mjvsu6,68,2,"This is more serious than you think! Thanks for paying attention!If you think you are right,just watch us what we gonna do and happen!"
560,lwrsoo,11,-7,Lol
561,lwrsoo,15,1,Hello interesting
562,lwmlnm,2,7,Stay strong friends!
563,lwmlnm,6,2,"Lets pray for them. We have the most advanced military in the world with a force projection that has no limit but please by all means, lets sit in our house and hope things get better..."
564,mnweop,25,6,"[Ro Nay San Lwin](https://twitter.com/nslwin?s=21)

[Civil Disobedience Movement](https://twitter.com/cvdom2021?s=21)

[Mimi Aye](https://twitter.com/meemalee?s=21)

[Wai Hnin Pwint Thon](https://twitter.com/misswhpt?s=21)

They do amazing job reporting and analyzing ground news at real time."
565,mnweop,46,2,If I had the money to travel that far and know the language and culture I would happily. Fight for freedom!
566,mnweop,55,2,Love you
567,mnweop,57,1,Good bot.
568,mteflv,8,17,I wish I could travel there and assist you in your freedom.
569,mteflv,14,4,Soldiers have families.  Families can't be guarded 24/7.  Families make good leverage.
570,mteflv,16,10,"Your post suggested you are Myanmar and highly likely that you are not from majority Bama. You made a good point on fighting back. I think it is coming soon. People are realising peaceful protest alone doesn‚Äôt work. And finally it is OUR democracy, and we will leave no one behind on building our new federal democratic country. ‚úä"
571,mezk1f,0,33,This generation is so smart & so brave!
572,mezk1f,1,29,"u/savevideo

To all Myanmar citizens that see this, keep fighting. You have the world at your back. We are spreading your videos and pictures and we are spreading awareness. Keep fighting, stay strong"
573,mezk1f,4,12,People of Myanmar are superhumans
574,mezk1f,8,2,"We are still protesting against this brutal juntas.They are killing us every day and night.Though They ban social media we are using VPN to spread news and our voices.We are so thankful for hearing our voices.We appreciate your attention,praying and supporting for us.We are so exhausted but we must keep resisting and we are doing.Thank you all around the world who are standing with usüôè"
575,mezk1f,9,2,You are real hero. Respect !
576,mezk1f,14,1,Brave brave people! Stay strong myanmar! ‚ù§
577,mezk1f,21,-1,"We can all learn different lessons at different times in our lives. Often when we go through a struggle it helps us to be more empathetic to other peoples struggles.

This is a good time for the people of Myanmar to reflect on the Rohingya Genocide, now that they are experiencing something similar."
578,mlwh2e,8,8,We hope they are released soon! Protestors should be treated no matter what.
579,mlwh2e,10,2,Praying for them üôè
580,mlwh2e,13,2,Uncle plz more speaking out. I m with u from mm near ur home. Plz smthing special uncle.
581,m3fxqw,0,73,"Even though I'm not in Myanmar nor do I know anyone there personally, and even though everyone there is a stranger to me, I'm so goddamn proud of each and every single protester who is out there fighting for your country, each and every person who hasn't given up hope, each and every person who will not go down without a fight, and each and every person who has endured all of this madness and sacrificed so much, you all have my respect. I truly hope you get your country back, and well done for not giving up."
582,m3fxqw,2,78,"For those who are viewing these pictures in another country. These protesters are not only fighting for their freedom and democracy but they‚Äôre doing it in temperatures close or above 40c!!! 

Respect to all of you for your shear courage, bravery and determination. God bless you all and Burma in that you will reach your goal very soon. Keep fighting!!! üëçüôèüôá‚Äç‚ôÄÔ∏èüôáüèΩ‚Äç‚ôÄÔ∏èüôáüèø‚Äç‚ôÄÔ∏èüôáüôáüèªüôáüèø"
583,m3fxqw,6,3,Hell yeah! Proud of you guys and girls!
584,m3fxqw,10,1,Well done guys! You were awesome!
585,m3fxqw,11,1,"You guys rocks.
Praying for your country."
586,m3fxqw,13,10,Every revolution from corruption should be celebrated!!!!
587,m3fxqw,19,3,"That's true, I absolutely agree with you on that one."
588,m3fxqw,22,2,Fortunately reloading equipment is available. Very easy to manufacture common ammunition at home. Typical setup to get started can be had for under $300.
589,m47ad5,0,61,Holy shit. I loved Myanmar and the people on both my trips there. Can‚Äôt believe I‚Äôm reading this stuff.
590,lxcy6c,6,6,Thank you for telling it.We are spreading the news as much as we can.
591,lxcy6c,17,1,Ok
592,lwbbgw,0,49,Hero!! God bless you!!
593,lwbbgw,1,42,Awesome! More and more high ranking officers are joining!!
594,lwbbgw,2,41,"Good for him.  

Better to join CDM now.  Eventually this thing is going to go full on Robespierre, and they will be using bodies of higher ranking officers to block the armored vehicles."
595,lwbbgw,3,11,"Thank God for you, stay safe please."
596,lwbbgw,4,4,nice
597,lwbbgw,5,3,"Good, nothing will happen without the support of officials"
598,lwbbgw,7,3,A few good men.
599,mwak31,10,10,"Love this! You should make it all skulls! It's so smart, people will get it!!"
600,mwak31,15,3,"I have respect for you, mister sane former US soldier."
601,mwak31,18,4,Write your reps and raise awareness. That's what you can do without other tools at your disposal
602,mwak31,66,1,I can read just fine.  You however...
603,m6y58o,28,-11,"From the same people who brought you Home Alone and The Goonies, be prepared for family fun this summer with Adventure in Myramar."
604,m6y58o,30,4,Thanks Dear. Please help us and we appreciate you any means of helps.
605,m6y58o,31,2,Thank you!
606,m6y58o,32,16,A military strike is much appreciated and needed
607,m6y58o,42,1,sounds like you are having fun in this situation
608,m6y58o,44,2,"There is a website called ""Mutual Aid Myanmar"". Simply spreading awareness works too. Thank you."
609,m6y58o,46,14,"Please stay safe.  Fight for freedom.
Prayers for all y'all man, y'all the real MVP."
610,m6y58o,48,12,Post the videos on r/PublicFreakout. More subscribers.
611,m6y58o,49,9,"I cannot predict anything, but we will work to achieve it."
612,m6y58o,51,8,Good bot
613,m6y58o,54,1,Thanks for the info. I'll be sure to donate and spread the word! Thank you!
614,m6y58o,56,13,Thxx. We will not back down this time
615,m6y58o,62,5,"Thank you, DaPhantom25, for voting on SaveVideo.

This bot wants to find the best and worst bots on Reddit. [You can view results here](https://botrank.pastimes.eu/).

***

^(Even if I don't reply to your comment, I'm still listening for votes. Check the webpage to see if your vote registered!)"
616,mkliki,1,8,I know the OP through a mutual friend. He works at Tesla so I‚Äôm sure it‚Äôs legit.
617,mkliki,5,23,"I think Elon could easily help Myanmar but getting that equipment into the country is probably the biggest hurdle.  Military would just put a bullet through the antennae if they discovered one out there.

Starlink is definitely legit snd will change the world and the internet as we know it."
618,mkliki,8,15,This is awesome news if Musk is willing to help our country.
619,mkliki,12,6,BIG PAPA ELON
620,mkliki,14,9,Haha come on
621,mkliki,21,6,Oh my gosh really!!!! Yayyayyay
622,mkliki,22,7,Come on Elon you can do it
623,mkliki,31,2,Thank you for this comment!
624,mkliki,38,17,"Yes, I hope it is true and not some sick joke. It would be great if we got direct comfirmaton from Tesla."
625,mkliki,39,11,"Maybe, but his involvement, weather fruitful or not, will help spread awareness."
626,mkliki,40,15,"I'd venture to guess that if he can help, he will.  Starlink is new and this would be excellent advertising.  Helping would likely end up profitable."
627,mkliki,43,2,Our meme lord to the rescue!
628,mkliki,44,12,"Even if he won't help, he'll help because thanks to him Myanmar might make it to the headlines and some people may decide to support Burmese, for example by donating to the cause."
629,mkliki,65,8,"I know I know. I used Tesla as synonym for Elon, lol."
630,mkliki,71,9,"The thing is, it's not so hard to photoshop in some email. Heck, you can do it with microsoft's Paint."
631,mkliki,77,3,:D
632,md4h6j,17,1,So true
633,nanind,2,4,"Where there is water there are fish. We are everywhere.

Daw Khin Ma Ma Myo

Deputy People's Defense Force Minister of NUG

Fighting in anyways, 

Victory!"
634,mn8wi9,11,18,Their time will come
635,mn8wi9,13,16,Fighting Myanmar (Burma) ü•∫üá≤üá≤üá≤üá≤ü§úüèªü§õüèª
636,mn8wi9,16,15,I hope that he is safe and unharmed.
637,mn8wi9,27,9,I can't wait to see that footage.
638,mn8wi9,34,4,"Send a message to your congressperson.  It's easy and it helps keep Myanmar fresh in the minds of legislators.  
[https://democracyformyanmar.org/#Contact](https://democracyformyanmar.org/#Contact)"
639,mn8wi9,36,11,yeah i got news for you buddy...
640,mn8wi9,37,1,"Yeah in case that happens though, I'm sure we will win. Our EAOs will unite and those in the Tatmadaw that are already looking to desert will desert en masse."
641,mn8wi9,49,5,üëç
642,mn8wi9,50,1,">in case that happens though, I'm sure we will win.

So am I... People's ***determined and united struggle*** against tyranny generally result in victory.  Wishes from the bottom of my heart - stay strong."
643,mn8wi9,56,3,Good people. That is true courage to stand for what is right. The universe will look kindly on the souls of the righteous. Stay strong
644,mn8wi9,64,2,Won't find me disagreeing with this point. I'm glad to see real progress in discussions about forming a federal army that includes ethnic armed groups.
645,mn8wi9,67,2,"I‚Äôm a fellow vet like you, just a pog though. I used my GI bill and have stayed in the region since I left the service. 

Thank you for all the support you are giving. I watched some of these kids grow up from teenagers to hopeful young adults who now have all placed their life on hold until they have a free future. I really, really thank you for supporting them.

If you ever get the opportunity, there is always room for an extra hand in any of the long term refugee camps on the Thai border."
646,mn8wi9,68,2,"It is my honor and pleasure to do my small part for the good of Myanmar. I have been following this since the beginning on february 1st and speaking out to any that will listen. I remember when I first found out I was outside the warehouse I work at smoking a cigarette waiting to start work when I saw the article pop up on my news feed. And at the warehouse a lot of my fellow coworkers are from Myanmar and I remember that day when the military overthrew the government quite a few of my coworkers had not shown up for work. I overheard my bosses being racist and  muttering ""all :those people' just called off and now we are shorthanded."" When we had our start of shift meeting when my manager asked if anyone had questions I stood out in front of everyone and told them what had just happened and that the company should not penalize or talk down about any of the workers who called off work because the country of Myanmar has been turned upside down and so most likely were probably too distraught to even get out of bed. A couple came up later and said they were suprised  that I knew and cared about their situation since I have no ties to Myanmar.   I replied that I simply just love all people and I despise evil.  Sorry for rambling lol."
647,mn8wi9,69,2,"No worries about the rambling, happy you got to talk about it.

That‚Äôs really cool what you did, I am sure it meant a lot to them. As you mentioned, they often say they feel quite invisible to the world. Also, fuck racism.

Please keep being that leader, in person and online. It is much needed in this word."
648,mcu5t2,0,17,This is a very powerful image. Stay strong
649,mcu5t2,15,5,Normal people are the biggest and most powerful force on the planet. Just got to get organised.
650,mcu5t2,26,6,I appreciate your support.We want to wake up from this nightmare.
651,mcu5t2,27,14,Stay safe bro‚úäWe won't stop until we see the light of Freedom!üá≤üá≤
652,mcu5t2,29,11,Stay safe! And be careful.
653,n1mwdx,0,11,I am melted by this cuteness
654,n1mwdx,1,10,Adorable ü•∞
655,n1mwdx,10,1,This boy is adorable.
656,n1mwdx,15,4,Oh thats cool.
657,m40s3c,0,44,This is the picture that the world needs to see!
658,m40s3c,7,7,May he rest in peace
659,moqguv,1,23,Hopefully the rest of the world is listening...
660,mjc1t1,1,19,Rest in Peace.
661,mjc1t1,5,7,Brave souls!
662,mjc1t1,7,5,Rest in Power !!
663,mjc1t1,10,4,So much love to these beautiful people.
664,mjc1t1,13,2,Love you. Proud of you... Brother of a world together
665,mrye0j,0,22,"dude keep going, these memes are great
they're really helping me get through these dark times"
666,mrye0j,1,21,Love this meme as an atheist
667,mrye0j,5,5,Love to all Myanmar brothers and sisters. You will defeat the fascist shit.
668,n5b4kf,0,40,"Even though it seems small, your memes are an important part of the resistance! What you're doing matters. You are very brave, but cover your tracks as much as you can. They wouldn't care about you making memes if it didn't hurt them, keep making them uncomfortable!"
669,n5b4kf,1,19,One sentence... Keep doing these memes!
670,n5b4kf,4,9,"You‚Äôre in Myanmar rn?

Stay safe man!"
671,n5b4kf,6,23,Thank you for your kind words.
672,n5b4kf,8,8,"Thank you for taking these risks so that the world can relate to you and your people. I get up and look for your posts everyday! I'm in the US, but I bet a lot of other young people are being held up by your content!"
673,n5b4kf,11,3,"Yes, I'm using a VPN. Don't worry.

As for supporting me, I don't need any support personally so just check out [this post](https://redd.it/m85p3l) to learn how to support our cause."
674,mh38um,0,8,May God bless and protect all of you üôèüíö
675,mh38um,6,1,"I wish that kid the best of luck, I hope he stays well"
676,mh38um,22,1,Yeah.
677,nuwklt,0,13,"If you‚Äôre based in America, don‚Äôt forget to check out www.anupyinnyar.com to get some great subversive art to support the movement."
678,nuwklt,1,12,"You are a noble man with a good heart. 

What you have raised so far, might not go far for the people of Myanmar but it is your time and effort that you had contributed for them.

I wish that there are many many more people like you in the World.

Good job mate. You deserved a pat on your back."
679,nuwklt,2,9,Great man you are!
680,nuwklt,3,8,Thanks man.  We need all the helps!
681,nuwklt,4,8,Right on!
682,nuwklt,5,7,Do you stream it? :D
683,nuwklt,7,6,This lad is a legend!
684,nuwklt,8,5,Stay safe man! Great job. They catch all people. They don't care who it is. Becareful :(
685,nuwklt,10,2,Thank you kind stranger!
686,nuwklt,11,2,Thank you so much!!! May you be healthy and wealthy!
687,nuwklt,12,2,Damn mannn thank you for your service
688,nuwklt,14,1,Amazing. Respect
689,nuwklt,15,1,Thank you. Thanks a lot for kind effort
690,nuwklt,16,1,Thank you
691,nuwklt,17,3,"HI Dumas1108, actually for 3 dollars you can provide a family for a week, for 15 dollars you can train a medical frontliner and with 10 dollars you can provide a journalist with a sim card.

His contribution will certainly make a difference to these people. With the amount of one or two coffees you can do the same! [https://startsomegood.com/messages4myanmar](https://startsomegood.com/messages4myanmar)"
692,nuwklt,18,9,"No, but that‚Äôs a great idea for the future! Just gotta figure out a way to not get my camera stolen."
693,nuwklt,19,3,"I am not saying his contribution does not make a difference to these people.

I am saying that the World needs more caring and noble person like him. He is working hard despite his earnings for the cause isn't much. 


If we have one hundred or even a couple of thousands of people like him, their efforts will pay off.

We are talking about hundreds if not  thousands of families and people being displaced from their homes and provinces as the war goes on. 

We are talking of buying weaponry and ammo which would cause millions of dollars.

We are talking about the possibility of a prolong war. 

Much much more money is needed to fund the effort."
694,n2g7y5,6,-4,Hope you're free now. ü§ó
695,n8j6v2,0,28,Hope she's well and alive
696,n8j6v2,8,5,We gotta Respect her Bravery... o7
697,n8j6v2,15,17,She's okay now
698,n8j6v2,17,12,Looks fine to me
699,me6wd3,3,31,"HELP THOSE PEOPLE, U.N., U.S. üëè üëè LETS GO"
700,me6wd3,22,41,I will post it. Thanks
701,me6wd3,40,2,Thank you for the clarification.
702,me6wd3,46,2,Thank you
703,mkcy0t,0,8,Keep Fighting!
704,mkcy0t,1,9,There's so much power in unity. What a strong people. Solidarity and love from the US
705,mkcy0t,2,9,"Y'all are brave! 

Go hard! Freedom is not free!

I wish I could be there"
706,mkcy0t,3,11,"Yes,for sure we will never give up. Unity and solidarity will bring us strength and success soon."
707,mkcy0t,4,5,Long Live The Monke
708,mkcy0t,5,4,Take care of your young generation and keep the word of free elections for  Burma.
709,mkcy0t,6,6,We support you!
710,mkcy0t,9,3,Don't give in! Keep fighting!
711,mkcy0t,10,9,Thanks for supporting! We must win!
712,mkcy0t,12,6,"We believe in you, generation Z ‚ù§Ô∏è"
713,lxhq0l,1,31,"I just donated $200 through MAM. This is the least I could do to stand with Myanmar people as an outsider. Praying for peace, safety and resilience for MM people."
714,lxhq0l,5,6,Just donated thanks for sharing!
715,lxhq0l,6,8,"Thank you, I was looking for this. I can‚Äôt afford a lot with Covid but I will be sending this en masse to everyone I know."
716,lxhq0l,14,8,"Mutual aid Myanmar is now a registered nonprofit in the US I believe, and they are in the process of securing tax receipts.  They seem like a good choice. 

Edit: they are securing their 501(c)(3) tax exemption.  In the meantime donations can take place through their fiscal partner, Friends of Pariaman, which does have a tax exemption. https://www.mutualaidmyanmar.org/faqs"
717,lxhq0l,15,5,Can you share the other 3 websites?  It would be good to consolidate all of them into a proper place so people can decide where to send.
718,mtu6fo,7,6,True AF
719,r9890v,13,7,Jesus Christ!
720,r9890v,14,6,It was brave
721,r9890v,15,6,this is my home and i'm still here hoping not to die
722,r9890v,32,5,Good.
723,r9890v,38,2,I believe karma will get them one dayüôèüèº
724,r9890v,48,1,"Hey man , this is reddit.and few bawmas can use English.It's not VK lol.Your kind is rare in this site lol"
725,r9890v,59,5,Gautama buddha!
726,n0f7dj,0,15,"Although it is just purely symbolic, she is extremely brave to flash it right in front of a passing Police vehicle."
727,n0f7dj,1,24,"Although I applaud her, and you can post this photo in r/Iamactuallyverybadass, be sure to describe what is happening and why she is so brave (without this, many will not understand why it is brave to show this salute to the police), but

I also want to note that proving to yourself and the world that you are not afraid of anything is a bad attitude, which can lead to trouble for you and your friends. It is okay to have fear. In fact, it is a rare anomaly when someone has no fear. When you control your fear, fear protects and helps you, fear as a friend advises when the risk is too great, but when fear controls you, it paralyzes you and the result may even kill you."
728,n0f7dj,2,3,The only successful slave revolt was the one that included women (Haiti)!
729,n0f7dj,9,3,"Her success is she definitely made me, a grown-ass man, feel like I'm selfish and a coward yet I felt warm and inspired knowing there are still people out there sacrificing all they have for the cause, opposing the military regime no matter what. 

She gives hope by showing her bravery. That's all that matters."
730,n0f7dj,23,4,"To show the defiance despite ongoing savage oppression from Military Junta. Giving hope to the people who saw her brave gesture. 

If you have never lived under oppressed regime, I don't think you can understand our feeling."
731,n0f7dj,24,3,She inspired. Look at how much you feel even in opposition to it
732,n0f7dj,27,3,Bravery isn‚Äôt defined by just getting out and fight back with arms. It comes in several forms. Only if you knew. And only if you know how to appreciate it. One kind of bravery did not make another kind any lesser.
733,n0f7dj,44,2,Chill guys!!
734,n0f7dj,53,3,Thank you. And I‚Äôm sorry someone who claimed to be from Myanmar said terrible word to you. We appreciate all the individuals who support us. It has been quite a moral boost for the people inside Burma.
735,n0f7dj,55,4,Only love here :)
736,mr90z5,4,9,I know you guys can win this! Love from Indonesia. You guys should also disband the military after. then create a new one
737,mvyvd7,5,4,Best one lolol
738,mvyvd7,6,4,incredible
739,m886gv,11,1,"Support for pro-democracy protesters from all levels is growing. As protests intensify, Military Junta levels corruption charges against Aung Sun Suu Kyi- the ousted democratic leader of Myanmar."
740,m886gv,30,1,Thx
741,m886gv,34,1,Let‚Äôs go guys! Keep it going. We‚Äôre aiming for at least two upvotes for every dead Burmese!
742,m886gv,35,2,"UN has had a number of meetings already. I do agree on raising awareness on ordinary citizens as politicians seemed to be all talk at this point. I know a friend of friend of mine‚Äôs 15 yr old American kid starting her small FB campaign raising funds and sending out free t-shirts she designed for Myanmar ppl, to donors on her expense to raise awareness. It‚Äôs emotionally motivating for Myanmar ppl just to see others care regardless of physical help."
743,m886gv,37,1,"It is amazing! Then she sends money to Mutual Aid Myanmar? Or is it used in some other way to raise awareness?
Yes, there are those who care, we just need to quickly find a way to join our ranks.

Do you think flyers are a good idea? I use both social media and flyers, but I can not measure the effectiveness of the flyers."
744,lpf00g,1,8,Good luck!
745,lpf00g,2,8,·Ä°·Äõ·Ä±·Ä∏·Äê·Ä±·Ä¨·Ä∫·Äï·ÄØ·Ä∂ ·Ä°·Ä±·Ä¨·ÄÑ·Ä∫·Äõ·Äô·Ää·Ä∫!!!
746,lpf00g,7,3,"I am glad to have participated as a part of that movement to get the Democracy and Spring Revolution has already begun. We were there to demonstrate how much we did  disagree the Coup and asked for releasing the detained leaders and people ,and restoring the Democracy. Spring Revolution must go on till the Democracy restores. We must win."
747,lpf00g,8,2,Be safe guys!!!!
748,mo44k9,1,19,You don‚Äôt have to but you did . Thank you
749,mo44k9,3,11,She has donated more to myanamr then the UN
750,mo44k9,4,19,"Bless her, may she be a future leader in Japan and the world üò•"
751,mo44k9,6,3,Proud of her !
752,mo44k9,7,2,Awnn Thank youü•∫‚ù§Ô∏è
753,mo44k9,8,2,Fill my heart with warmth üòå
754,mo44k9,10,6,Agreed. Come on UN!!
755,mo44k9,14,2,Thank you!
756,o5npr8,12,7,Duly noted
757,o5npr8,17,3,Haha why not monkey!
758,o5npr8,18,17,Disinformation/counter intelligence can be valuable as well.
759,o5npr8,20,7,Nice username
760,o5npr8,23,1,üëçU say  right.
761,lxmksu,0,39,"I feel like it reminds me of Hong Kong way more

They are strategising very well too"
762,lxmksu,6,26,As Hongkonger i agree
763,lxmksu,8,1,They know but the illusion of cover gives strength to someone to act. And in a situation like this it is a necessary thing
764,lxmksu,10,12,yes. nice tactics coming from the safety of your couch
765,m2jvbg,13,4,Wow 2 wholesome rewards
766,m2jvbg,16,2,That's one powerful gun! It's like something from a movie i can't believe this is possible!
767,m2jvbg,33,-27,"Hope harder, maybe you'll beam them a positive vibe! 

What a vanilla comment."
768,m2jvbg,49,0,Funny.
769,lwwiur,2,6,May she Rest In Peace üôèüèΩ
770,rawe8l,2,37,The world needs to see this picture
771,rawe8l,3,31,"Keep strong Myanmar, you will be victorious. Don't lose hope and don't let the sacrifices of the people go in vain

The Junta will be defeated, keep fighting"
772,rawe8l,36,5,Well anywhere they're now is better than what they've gone through so you can have piece of mind
773,rawe8l,42,2,Literally yes
774,rawe8l,57,6,Thank you. You should post this in r/worldnews
775,nnmxeu,7,16,Yeah
776,nnmxeu,10,9,Thanks for replying
777,nnmxeu,13,1,Independent charities and medical organisations in ethnic armed groups  are probably the answer
778,mv9q2g,0,12,Looks like the cover for some cool mecha manga
779,mv9q2g,2,8,The character that represents Myanmar is so fuckin' awesome
780,mv9q2g,3,7,Epic‚ÄºÔ∏è
781,mv9q2g,5,1,cool as fuck nice job
782,m7lufu,0,17,Respect those who are always ready to fight for Democracy and their strength to continue protesting against the shameless and brutal military.
783,m7lufu,1,13,You are amazing! Stay strong.
784,m7lufu,3,7,This is absolutely fucking beautiful!
785,m7lufu,4,2,Fight the good fight my friend!
786,m7lufu,5,1,I pray for you all every night.
787,m7lufu,6,1,Hell yeah!!! Keep pushing back!!! Supporting any way I can from USA
788,m7lufu,7,1,Keep Fighting!!!!
789,m7lufu,8,12,Thank you mate. We ain't giving up.
790,m7lufu,9,11,"Hey it's you again. Thanks a lot mate, appreciate ya. You R amazing!"
791,m7lufu,11,5,Thanks mate
792,m7lufu,12,2,Good fight shall win my friend.
793,n67zat,0,14,"Yessss!! They gets it!!

I feel like the same thing is happening in both places but the world is only going to pay attention to COlumbia. This person is brilliant!"
794,n67zat,2,3,Awesome
795,n67zat,3,1,Link pls. Thanks!
796,n67zat,6,9,International Solidarity is the way
797,m0doec,23,1,20yo ltgen that is wow
798,m0doec,34,1,Lol good one
799,m0doec,40,2,"Of course, he is a Captain. 

&#x200B;

OP just inflate ranks a lot."
800,m0doec,44,4,Sympathy.  And your English is pretty good.
801,m0doec,51,1,Agree!!
802,mjoqbx,0,29,"I am truly amazed at the incredible bravery of the people of Myanmar.  Even after all the killings, arrests, torture, and violence regular everyday people are risking their lives to make their voices heard and to fight for their freedom.  Godspeed."
803,mjoqbx,3,8,Thank you for brave protests
804,mjoqbx,4,6,You brave brave brave souls. March on.
805,mjoqbx,5,6,Be safe. Be well. Fight on!
806,mjoqbx,7,4,Huge respect ‚úä!
807,m07af7,2,9,I hope my country(India) stands with the beautiful people of Myanmar ! They are strong people who deserve basic rights
808,n7wbs1,0,14,"Ayyyyyye nice to see other Scottish support, where do you busk?"
809,n7wbs1,1,12,"Scottish born & living in Australia ATM. Good to see. Love Myanmar, they are good people."
810,n7wbs1,2,10,Thank you so much for what you're doing for us. It's great to know that there's people out there who still cares for us. Thank you for giving us this kind ot support for our cause.
811,n7wbs1,3,9,Thank you üòä
812,n7wbs1,4,8,"Thank you brother for your kindness. I am glad to see you in reddit. If you have Fb page or Twitter acc , you should do posting on the FB and Twitter. Coz most of myanmar people use Facebook. So they will see how you helping for us. Thanks man‚ù§Ô∏è‚ù§Ô∏è"
813,n7wbs1,5,7,Thank you
814,n7wbs1,6,8,we r very much obliged
815,n7wbs1,7,6,Thanks for spreading the awareness not only to save us but also to save humanity from evildoers. They
816,n7wbs1,8,7,Thank you so much
817,n7wbs1,10,7,"Dude, amen and godspeed"
818,n7wbs1,11,7,"Thanks, thank you"
819,n7wbs1,12,2,Much love!
820,n7wbs1,13,2,Thank you so much for your support
821,n7wbs1,14,2,So cool! Where are you??!
822,n7wbs1,15,2,thank you
823,n7wbs1,16,2,Thank you so much. I donated some last month too.
824,n7wbs1,17,2,Scottish person helping Burmese people. That very unlikely alliance. What a pleasent surprise.
825,n7wbs1,20,1,"Sending love from New Orleans! Keep it up!!

‚ù§Ô∏è"
